{
    "owo":{
        "tl":0.000007
    },
    "tl":{
        "owo": 142857.142857,
        "KozmoBalance_UserBalance":0.9
    }
}
